País,Ciudad1,Lat1,Long1,Ciudad2,Lat2,Long2,Ciudad3,Lat3,Long3,Ciudad4,Lat4,Long4,Ciudad5,Lat5,Long5,Ciudad6,Lat6,Long6,Ciudad7,Lat7,Long7,Ciudad8,Lat8,Long8,Ciudad9,Lat9,Long9,Ciudad10,Lat10,Long10
Afghanistan,Kabul,34.5553,69.2075,Kandahar,31.6289,65.7372,Herat,34.3529,62.2041,Mazar-e Sharif,36.7090,67.1109,Charikar,35.0136,69.1714,Jalalabad,34.4342,70.4478,Sheberghan,36.6575,65.7529,Ghazni,33.5539,68.4207,Kunduz,36.7280,68.8725,Taloqan,36.7361,69.5345
Albania,Tirana,41.3275,19.8187,Durrës,41.3231,19.4414,Vlora,40.4661,19.4914,Shkodër,42.0683,19.5126,Sarandë,39.8773,20.0037,Berat,40.7058,19.9526,Gjirokastër,40.0743,20.1375,Korçë,40.6182,20.7802,Fier,40.7251,19.5665,Elbasan,41.1125,20.0821
Algeria,Algiers,36.7372,3.0863,Oran,35.6971,-0.6308,Constantine,36.3650,6.6147,Annaba,36.9000,7.7667,Blida,36.4804,2.8289,Batna,35.5569,6.1741,Setif,36.1911,5.4137,Tlemcen,34.8783,-1.3150,Béjaïa,36.7500,5.0667,Mostaganem,35.9333,0.0903
Andorra,Andorra la Vella,42.5078,1.5211,Escaldes-Engordany,42.5073,1.5341,Encamp,42.5347,1.5801,Sant Julià de Lòria,42.4637,1.4913,La Massana,42.5447,1.5148,Ordino,42.5558,1.5331,Canillo,42.5676,1.5957,Pas de la Casa,42.5428,1.7330,Arinsal,42.5772,1.4846,El Tarter,42.5795,1.6502
Angola,Luanda,-8.8383,13.2344,Lubango,-14.9172,13.4927,Benguela,-12.5783,13.4072,Kuito,-12.3833,16.9333,Malanje,-9.5403,16.3410,Lobito,-12.3547,13.5360,Namibe,-15.1961,12.1517,Soyo,-6.1349,12.3696,Uíge,-7.6070,15.0613,M'banza Kongo,-6.2697,14.2401
Antigua and Barbuda,Saint John's,17.1274,-61.8468,All Saints,17.0655,-61.7930,Liberta,17.0511,-61.8123,Parham,17.1127,-61.7705,Codrington,17.6333,-61.8333,Bolans,17.0641,-61.8803,Carlisle,17.1435,-61.7958,Willikies,17.0978,-61.7292,Barnes Hill,17.1102,-61.8119,Potters Village,17.1034,-61.8192
Argentina,Buenos Aires,-34.6037,-58.3816,Córdoba,-31.4201,-64.1888,Rosario,-32.9468,-60.6393,Mendoza,-32.8895,-68.8458,Bariloche,-41.1335,-71.3103,Ushuaia,-54.8019,-68.3029,Salta,-24.7821,-65.4232,San Miguel de Tucumán,-26.8083,-65.2176,La Plata,-34.9214,-57.9545,Mar del Plata,-38.0055,-57.5426
Armenia,Yerevan,40.1792,44.4991,Gyumri,40.7890,43.8476,Vanadzor,40.8110,44.4883,Hrazdan,40.4975,44.7540,Echmiadzin,40.1656,44.2934,Hrazdan,40.4975,44.7540,Abovyan,40.2730,44.6250,Artashat,39.9533,44.5483,Sevan,40.5549,44.9496,Charentsavan,40.3833,44.6333
Australia,Sídney,-33.8688,151.2093,Melbourne,-37.8136,144.9631,Brisbane,-27.4698,153.0251,Perth,-31.9505,115.8605,Adelaida,-34.9285,138.6007,Gold Coast,-28.0167,153.4000,Cairns,-16.9186,145.7781,Canberra,-35.2809,149.1300,Hobart,-42.8821,147.3272,Darwin,-12.4634,130.8456
Austria,Viena,48.2082,16.3738,Salzburgo,47.8095,13.0550,Innsbruck,47.2692,11.4041,Graz,47.0707,15.4395,Hallstatt,47.5613,13.6481,Linz,48.3069,14.2858,Salzkammergut,47.7033,13.6306,St Anton am Arlberg,47.1307,10.2637,Wachau,48.3879,15.4332,Seefeld in Tirol,47.3298,11.1847
Azerbaijan,Bakú,40.4093,49.8671,Gəncə,40.6828,46.3606,Mingachevir,40.7659,47.0595,Sumqayit,40.5897,49.6682,Shaki,41.1919,47.1706,Lankaran,38.7546,48.8508,Nakhchivan,39.2083,45.4121,Shirvan,39.9333,48.9250,Khachmaz,41.4719,48.8057,Gabala,40.9819,47.8486
Bahamas,Nassau,25.0343,-77.3963,Freeport,26.5333,-78.7000,West End,26.6836,-78.9667,Cooper's Town,26.8690,-77.5142,Marsh Harbour,26.5426,-77.0636,Spanish Wells,25.5469,-76.7616,Dunmore Town,25.5023,-76.6316,Clarence Town,23.1017,-74.9763,High Rock,26.6115,-78.2664,San Salvador,24.0530,-74.5178
Bahrain,Manama,26.2235,50.5876,Muharraq,26.2572,50.6111,Riffa,26.1268,50.5577,Hamad Town,26.1106,50.4981,Isa Town,26.1736,50.5478,Sitra,26.1547,50.6222,Budaiya,26.2177,50.4531,Zallaq,26.0341,50.5023,Hidd,26.2459,50.6547,Al Jasra,26.1500,50.4167
Bangladesh,Dhaka,23.8103,90.4125,Chittagong,22.3569,91.7832,Khulna,22.8456,89.5403,Rajshahi,24.3636,88.6241,Sylhet,24.8949,91.8687,Barisal,22.7010,90.3535,Cox's Bazar,21.4272,92.0058,Narayanganj,23.6238,90.4996,Mymensingh,24.7471,90.4203,Comilla,23.4607,91.1809
Barbados,Bridgetown,13.0965,-59.6160,Speightstown,13.2505,-59.6415,Holetown,13.1922,-59.6414,Oistins,13.0682,-59.5367,Bathsheba,13.2167,-59.5167,Crane,13.1045,-59.4697,Paynes Bay,13.1664,-59.6362,Fitts Village,13.1234,-59.6293,Rockley,13.0835,-59.5963,St. Lawrence,13.0705,-59.5618
Belarus,Minsk,53.9045,27.5615,Hrodna,53.6778,23.8295,Brest,52.0976,23.7341,Vitebsk,55.1911,30.2049,Mogilev,53.9168,30.3449,Babruysk,53.1388,29.2214,Baranovichi,53.1327,26.0102,Orsha,54.5098,30.4172,Pinsk,52.1229,26.0951,Salihorsk,52.7892,27.5437
Belgium,Bruselas,50.8503,4.3517,Brujas,51.2093,3.2247,Gante,51.0543,3.7174,Amberes,51.2194,4.4025,Leuven,50.8798,4.7009,Lieja,50.6326,5.5797,Mechelen,51.0257,4.4777,Waterloo,50.7177,4.4011,Tournai,50.6056,3.3876,Ostende,51.2158,2.9285
Belize,Belice,17.5046,-88.1962,San Pedro,17.9150,-87.9644,Caye Caulker,17.7425,-88.0250,Placencia,16.5150,-88.3667,San Ignacio,17.1561,-89.0713,Punta Gorda,16.0983,-88.8090,Corozal,18.3987,-88.3881,Dangriga,16.9698,-88.2325,Belmopan,17.2514,-88.7665,Hopkins,16.8667,-88.2833
Benin,Cotonou,6.3703,2.3912,Porto-Novo,6.4969,2.6289,Parakou,9.3373,2.6300,Djougou,9.7085,1.6650,Abomey,7.1833,1.9833,Natitingou,10.3031,1.3782,Bohicon,7.1780,2.0682,Save,8.0363,2.4903,Lokossa,6.6380,1.7137,Kandi,11.1342,2.9383
Bhutan,Thimphu,27.4728,89.6390,Paro,27.4297,89.4167,Punakha,27.5854,89.8610,Wangdue Phodrang,27.4342,89.8971,Trongsa,27.5018,90.5078,Trashigang,27.3290,91.5510,Phuntsholing,26.8516,89.3885,Gelephu,26.8803,90.5003,Haa,27.3847,89.2802,Mongar,27.2540,91.2395
Bolivia,La Paz,-16.5000,-68.1500,Santa Cruz de la Sierra,-17.7833,-63.1833,Cochabamba,-17.3935,-66.1568,Sucre,-19.0333,-65.2627,Oruro,-17.9614,-67.1065,Potosí,-19.5836,-65.7531,Tarija,-21.5355,-64.7296,Trinidad,-14.8333,-64.9000,Cobija,-11.0333,-68.7667,Riberalta,-11.0000,-66.1000
Bosnia and Herzegovina,Sarajevo,43.8563,18.4131,Mostar,43.3433,17.8078,Banja Luka,44.7722,17.1910,Tuzla,44.5384,18.6671,Zenica,44.2017,17.9030,Bihać,44.8160,15.8709,Bijeljina,44.7566,19.2158,Prijedor,44.9817,16.7131,Trebinje,42.7119,18.3436,Visoko,43.9883,18.1791
Botswana,Gaborone,-24.6282,25.9231,Francistown,-21.1722,27.5079,Molepolole,-24.4070,25.4951,Maun,-19.9833,23.4167,Kanye,-24.9667,25.3333,Mochudi,-24.4000,26.1500,Serowe,-22.3945,26.6964,Palapye,-22.5610,27.1254,Mahalapye,-23.1000,26.8200,Kasane,-17.7967,25.1543
Brazil,Río de Janeiro,-22.9068,-43.1729,São Paulo,-23.5505,-46.6333,Salvador,-12.9714,-38.5014,Florianópolis,-27.5954,-48.5480,Foz do Iguaçu,-25.5163,-54.5854,Brasilia,-15.7939,-47.8828,Recife,-8.0476,-34.8770,Fortaleza,-3.7172,-38.5434,Belo Horizonte,-19.9173,-43.9346,Porto Alegre,-30.0346,-51.2177
Brunei Darussalam,Bandar Seri Begawan,4.9031,114.9398,Kuala Belait,4.5836,114.1869,Seria,4.6068,114.3246,Muara,5.0333,115.0667,Lumut,4.7970,114.6195,Tutong,4.8000,114.6500,Bangun,4.8167,114.8167,Keriam,4.6333,114.5667,Pekan Tutong,4.7991,114.6475,Sungai Liang,4.5830,114.4167
Bulgaria,Sofía,42.6977,23.3219,Plovdiv,42.1354,24.7453,Varna,43.2140,27.9147,Burgas,42.5048,27.4626,Ruse,43.8487,25.9534,Stara Zagora,42.4237,25.6240,Pleven,43.4170,24.6067,Sliven,42.6811,26.3223,Dobrich,43.5708,27.8270,Shumen,43.2705,26.9229
Burkina Faso,Ouagadougou,12.3686,-1.5275,Bobo-Dioulasso,11.1833,-4.2833,Koudougou,12.2497,-2.3609,Banfora,10.6308,-4.7561,Dédougou,12.4675,-3.4608,Tenkodogo,11.7804,-0.3697,Dori,14.0350,-0.0300,Manga,11.6639,-1.0703,Ouahigouya,13.5828,-2.4219,Fada N'gourma,12.0605,0.3678
Burundi,Bujumbura,-3.3614,29.3599,Gitega,-3.4271,29.9246,Ngozi,-2.9075,29.8306,Ruyigi,-3.4778,30.2486,Rutana,-3.9263,29.9922,Bubanza,-3.0838,29.3936,Kayanza,-2.9204,29.6291,Makamba,-4.1342,29.8040,Karuzi,-3.1027,30.1628,Muyinga,-2.8536,30.3463
Cabo Verde,Praia,14.9330,-23.5120,Mindelo,16.8901,-24.9815,Sal Rei,16.1804,-22.9175,Espargos,16.7547,-22.9336,Porto Novo,17.0257,-25.0647,Santa Maria,16.5986,-22.9054,Assomada,15.1064,-23.6754,Ponta do Sol,17.2042,-25.0926,São Filipe,14.8961,-24.4981,Tarrafal,15.2814,-23.7605
Cambodia,Phnom Penh,11.5564,104.9282,Siem Reap,13.3671,103.8448,Battambang,13.1024,103.1982,Kampot,10.6104,104.1812,Sihanoukville,10.6093,103.5315,Kep,10.4837,104.3167,Pursat,12.5350,103.9190,Kratie,12.4887,106.0172,Banlung,13.7396,107.0028,Poipet,13.6538,102.5655
Cameroon,Yaoundé,3.8480,11.5021,Douala,4.0511,9.7679,Garoua,9.3007,13.3939,Bamenda,5.9631,10.1591,Maroua,10.5956,14.3247,Bafoussam,5.4778,10.4172,Nkongsamba,4.9547,9.9417,Bertoua,4.5773,13.6846,Loum,4.7158,9.7355,Kumba,4.6353,9.4464
Canada,Toronto,43.6511,-79.3831,Vancouver,49.2827,-123.1207,Montreal,45.5017,-73.5673,Quebec City,46.8139,-71.2082,Ottawa,45.4215,-75.6972,Calgary,51.0447,-114.0719,Edmonton,53.5461,-113.4938,Halifax,44.6488,-63.5752,Victoria,48.4284,-123.3656,Winnipeg,49.8951,-97.1384
Central African Republic,Bangui,4.3947,18.5582,Bimbo,4.2567,18.4158,Berberati,4.2612,15.7922,Bambari,5.7678,20.6757,Bria,6.5423,21.9866,Bouar,5.9340,15.5955,Kaga-Bandoro,6.9883,19.1874,Batangafo,7.3046,18.2859,Bangassou,4.7410,22.8184,Bozoum,6.3194,16.3791
Chad,N'Djamena,12.1348,15.0557,Moundou,8.5662,16.0779,Sarh,9.1517,18.3904,Abeche,13.8357,20.8353,Kelo,9.3101,15.8053,Doba,8.6600,16.8554,Bongor,10.2806,15.3797,Sagh,9.1500,18.3904,Dourbali,11.8095,15.8632,Pala,9.3641,14.9036
Chile,Santiago,-33.4489,-70.6693,Valparaíso,-33.0458,-71.6197,Viña del Mar,-33.0153,-71.5500,Punta Arenas,-53.1638,-70.9171,Puerto Montt,-41.4717,-72.9360,La Serena,-29.9045,-71.2489,Antofagasta,-23.6500,-70.4000,Iquique,-20.2208,-70.1423,Arica,-18.4783,-70.3126,Puerto Varas,-41.3193,-72.9847
China,Beijing,39.9042,116.4074,Shanghai,31.2304,121.4737,Hong Kong,22.3193,114.1694,Guangzhou,23.1291,113.2644,Shenzhen,22.5431,114.0579,Xi'an,34.3416,108.9398,Chengdu,30.5728,104.0668,Hangzhou,30.2741,120.1551,Kunming,25.0406,102.7123,Nanjing,32.0603,118.7969
Colombia,Bogotá,4.7110,-74.0721,Medellín,6.2442,-75.5812,Cali,3.4516,-76.5318,Cartagena,10.3910,-75.4794,Barranquilla,10.9878,-74.7889,Santa Marta,11.2408,-74.1990,Bucaramanga,7.1193,-73.1227,Manizales,5.0703,-75.5138,Pereira,4.8087,-75.6906,Ibagué,4.4447,-75.2421
Comoros,Moroni,-11.7042,43.2402,Mutsamudu,-12.1690,44.3994,Fomboni,-12.2904,43.7428,Domoni,-12.2569,44.5312,Sima,-12.1942,44.2817,Moya,-12.3508,43.7635,Dziani,-12.2974,43.7670,Patsi,-12.2412,44.4798,Pomoni,-12.2133,44.3865,Mitsamiouli,-11.3844,43.2840
Congo,Brazzaville,-4.2634,15.2429,Pointe-Noire,-4.7780,11.8635,Dolisie,-4.1956,12.6666,Nkayi,-4.1870,13.2855,Gamboma,-1.8767,15.8630,Owando,-0.4820,15.8994,Ouésso,1.6136,16.0529,Loandjili,-4.7167,11.8500,Madingou,-4.1683,13.5506,Impfondo,1.6174,18.0591
Democratic Republic of the Congo,Kinshasa,-4.4419,15.2663,Lubumbashi,-11.6627,27.4794,Mbuji-Mayi,-6.1450,23.5893,Goma,-1.6744,29.2285,Kananga,-5.8974,22.4170,Kisangani,0.5153,25.1906,Matadi,-5.8156,13.4833,Bunia,1.5592,30.2522,Mbandaka,0.0487,18.2603,Bukavu,-2.5056,28.8607
Costa Rica,San José,9.9281,-84.0907,Liberia,10.6346,-85.4408,Cartago,9.8644,-83.9194,Alajuela,10.0155,-84.2080,Puntarenas,9.9763,-84.8335,Limon,10.0024,-83.0670,Quepos,9.4319,-84.1616,Tamarindo,10.2993,-85.8419,Monteverde,10.2767,-84.8255,Heredia,9.9983,-84.1165
Croatia,Zagreb,45.8150,15.9819,Dubrovnik,42.6507,18.0944,Split,43.5081,16.4402,Zadar,44.1194,15.2314,Šibenik,43.7350,15.8895,Pula,44.8666,13.8496,Rijeka,45.3271,14.4422,Osijek,45.5600,18.6754,Varazdin,46.3057,16.3366,Rovinj,45.0812,13.6387
Cuba,La Habana,23.1136,-82.3666,Varadero,23.1455,-81.2519,Trinidad,21.8010,-79.9846,Santiago de Cuba,20.0208,-75.8267,Cienfuegos,22.1490,-80.4466,Camaguey,21.3808,-77.9169,Holguín,20.8872,-76.2631,Vinales,22.6147,-83.7061,Santa Clara,22.4069,-79.9648,Baracoa,20.3477,-74.4966
Cyprus,Nicosia,35.1856,33.3823,Limassol,34.7071,33.0226,Larnaca,34.9127,33.6232,Paphos,34.7720,32.4297,Famagusta,35.1192,33.9503,Kyrenia,35.3365,33.3160,Protaras,35.0180,34.0442,Ayia Napa,34.9923,34.0020,Paralimni,35.0180,33.9833,Lefkara,34.8612,33.3090
Czech Republic,Prague,50.0755,14.4378,Brno,49.1951,16.6068,Plzeň,49.7384,13.3736,Olomouc,49.5955,17.2516,Ostrava,49.8209,18.2625,Český Krumlov,48.8127,14.3175,Karlovy Vary,50.2310,12.8712,Hradec Králové,50.2092,15.8328,Liberec,50.7671,15.0562,Pardubice,50.0409,15.7766
Denmark,Copenhagen,55.6761,12.5683,Aarhus,56.1629,10.2039,Odense,55.4038,10.4024,Aalborg,57.0467,9.9359,Esbjerg,55.4765,8.4594,Roskilde,55.6419,12.0803,Helsingør,56.0305,12.5921,Kolding,55.4910,9.4721,Sønderborg,54.9133,9.7924,Randers,56.4605,10.0366
Djibouti,Djibouti City,11.5721,43.1456,Ali Sabieh,11.1536,42.7128,Tadjoura,11.7847,42.8845,Obock,11.9667,43.2905,Dikhil,11.1097,42.3733,Arta,11.5222,42.8403,Holl-Holl,11.3106,42.9294,Dorra,12.1500,42.4773,Randa,12.2002,42.4642,Yoboki,11.5250,42.4970
Dominica,Roseau,15.3010,-61.3881,Portsmouth,15.5811,-61.4714,Marigot,15.5445,-61.2783,Berekua,15.2314,-61.3128,Castle Bruce,15.4167,-61.2667,Grand Bay,15.2333,-61.3333,La Plaine,15.3511,-61.2833,Paix Bouche,15.5533,-61.4310,Calibishie,15.5943,-61.3561,Woodford Hill,15.5806,-61.3456
Dominican Republic,Santo Domingo,18.4861,-69.9312,Punta Cana,18.5820,-68.4055,Santiago de los Caballeros,19.4792,-70.6931,Puerto Plata,19.7934,-70.6871,La Romana,18.4273,-68.9728,San Pedro de Macorís,18.4616,-69.2978,Bávaro,18.6865,-68.4210,Boca Chica,18.4513,-69.6110,Jarabacoa,19.1207,-70.6365,San Francisco de Macorís,19.2991,-70.2568
East Timor,Dili,-8.5569,125.5603,Baucau,-8.4729,126.4586,Same,-9.0043,125.6507,Maliana,-8.9860,125.2197,Lospalos,-8.5185,127.0042,Suai,-9.3124,125.2557,Venilale,-8.6473,126.3795,Manatuto,-8.5078,126.0121,Aileu,-8.7280,125.5819,Viqueque,-8.8667,126.3667
Ecuador,Quito,-0.2299,-78.5249,Guayaquil,-2.1700,-79.9224,Cuenca,-2.9006,-79.0045,Baños,-1.3964,-78.4221,Salinas,-2.2149,-80.9584,Otavalo,0.2352,-78.2681,Ambato,-1.2417,-78.6195,Loja,-3.9931,-79.2042,Manta,-0.9677,-80.7037,Puerto Ayora,-0.7402,-90.3123
Egypt,Cairo,30.0444,31.2357,Alexandria,31.2156,29.9553,Giza,30.0131,31.2089,Sharm el-Sheikh,27.9158,34.3299,Luxor,25.6872,32.6396,Aswan,24.0889,32.8998,Hurghada,27.2574,33.8129,Dahab,28.4956,34.5136,Marsa Alam,25.0657,34.8892,Siwa,29.2043,25.5195
El Salvador,San Salvador,13.6929,-89.2182,San Miguel,13.4833,-88.1833,Santa Ana,13.9946,-89.5597,La Libertad,13.4941,-89.3224,San Vicente,13.6417,-88.7859,Soyapango,13.7102,-89.1399,Apopa,13.8011,-89.1803,Ahuachapán,13.9213,-89.8453,Sonsonate,13.7184,-89.7248,Usulután,13.3458,-88.4344
Equatorial Guinea,Malabo,3.7500,8.7833,Bata,1.8639,9.7658,Ebibeyin,2.1511,11.3343,Luba,3.4568,8.5548,Mongomo,1.6283,11.3133,Mikomeseng,2.1367,10.6167,Nsork,1.1277,11.2730,Aconibe,1.2965,10.9363,Mbalmayo,1.3167,11.0667,Rio Campo,2.2833,9.8167
Eritrea,Asmara,15.3229,38.9251,Massawa,15.6099,39.4502,Keren,15.7779,38.4460,Assab,13.0092,42.7397,Mendefera,14.8867,38.8169,Barentu,15.1051,37.5909,Adi Keyh,14.8447,39.3795,Teseney,15.1109,36.6572,Agordat,15.5479,37.8829,Senafe,14.6906,39.4475
Estonia,Tallinn,59.4370,24.7535,Tartu,58.3776,26.7290,Narva,59.3777,28.1909,Parnu,58.3859,24.4971,Viljandi,58.3655,25.5973,Rakvere,59.3464,26.3553,Kohtla-Jarve,59.3985,27.2731,Sillamae,59.3978,27.7667,Valga,57.7777,26.0473,Kuressaare,58.2481,22.5039
Eswatini,Mbabane,-26.3054,31.1367,Manzini,-26.4946,31.3800,Pigg's Peak,-25.9603,31.2462,Lobamba,-26.4465,31.1957,Mhlume,-26.0323,31.8460,Mhlambanyatsi,-26.4667,31.0167,Siteki,-26.4500,31.9500,Nhlangano,-27.1160,31.1972,Bhunya,-26.5580,31.0144,Hlatikulu,-27.0181,31.3314
Ethiopia,Addis Abeba,9.0108,38.7613,Gondar,12.6000,37.4667,Bahir Dar,11.5936,37.3908,Dire Dawa,9.5931,41.8661,Mekele,13.4970,39.4690,Harar,9.3094,42.1349,Awassa,7.0621,38.4760,Jijiga,9.3504,42.8006,Debre Birhan,9.6801,39.5323,Nazret,8.5406,39.2695
Fiji,Suva,-18.1248,178.4501,Nadi,-17.7768,177.4350,Lautoka,-17.6168,177.4502,Labasa,-16.4312,179.3642,Ba,-17.5397,177.6706,Savusavu,-16.7790,179.3357,Levuka,-17.6815,178.8344,Sigatoka,-18.1380,177.5090,Tavua,-17.4541,177.8673,Rakiraki,-17.3528,178.1569
Finland,Helsinki,60.1699,24.9384,Espoo,60.2055,24.6559,Tampere,61.4978,23.7610,Vantaa,60.2934,25.0378,Turku,60.4518,22.2666,Oulu,65.0121,25.4651,Lahti,60.9827,25.6615,Kuopio,62.8924,27.6770,Joensuu,62.6010,29.7634,Porvoo,60.3932,25.6635
France,París,48.8566,2.3522,Niza,43.7102,7.2620,Lyon,45.7640,4.8357,Marseille,43.2965,5.3698,Burdeos,44.8378,-0.5792,Toulouse,43.6047,1.4442,Montpellier,43.6119,3.8770,Strasbourg,48.5734,7.7521,Lille,50.6292,3.0573,Cannes,43.5528,7.0174
Gabon,Libreville,0.4162,9.4673,Port-Gentil,-0.7193,8.7815,Franceville,-1.6370,13.5820,Oyem,1.6054,11.5806,Mouila,-1.8672,11.0567,Lambaréné,-0.6982,10.2444,Tchibanga,-2.8586,11.0226,Koulamoutou,-1.1329,12.4640,Moanda,-1.5652,13.1980,Bitam,2.0757,11.5006
Gambia,Banjul,13.4549,-16.5790,Serrekunda,13.4419,-16.6766,Brikama,13.2711,-16.6471,Bakau,13.4786,-16.6817,Farafenni,13.5669,-15.5906,Somita,13.3581,-16.4213,Barra,13.4823,-16.5472,Basse Santa Su,13.3113,-14.2203,Lamin,13.3522,-16.4337,Sukuta,13.4001,-16.7085
Georgia,Tiflis,41.7151,44.8271,Batumi,41.6168,41.6367,Kutaisi,42.2679,42.6946,Rustavi,41.5322,45.0345,Zugdidi,42.5088,41.8709,Poti,42.1461,41.6722,Gori,41.9854,44.1102,Samtredia,42.1515,42.3355,Khashuri,41.9947,43.5997,Senaki,42.2706,42.0661
Germany,Berlín,52.5200,13.4050,Múnich,48.1351,11.5820,Hamburgo,53.5511,9.9937,Fráncfort,50.1109,8.6821,Colonia,50.9375,6.9603,Dresde,51.0504,13.7373,Stuttgart,48.7758,9.1829,Düsseldorf,51.2277,6.7735,Bremen,53.0793,8.8017,Nuremberg,49.4521,11.0767
Ghana,Accra,5.6037,-0.1870,Kumasi,6.6885,-1.6244,Tamale,9.4071,-0.8533,Sekondi-Takoradi,4.9317,-1.7746,Sunyani,7.3399,-2.3267,Cape Coast,5.1054,-1.2466,Koforidua,6.0941,-0.2591,Wa,10.0607,-2.5019,Ho,6.6000,0.4708,Bolgatanga,10.7852,-0.8511
Greece,Atenas,37.9838,23.7275,Salónica,40.6401,22.9444,Heraclión,35.3387,25.1442,Patras,38.2466,21.7346,Larisa,39.6390,22.4191,Volos,39.3610,22.9425,Ioánina,39.6649,20.8537,Kavala,40.9395,24.4069,Corfú,39.6243,19.9217,Rodas,36.4349,28.2174
Grenada,St. George's,12.0561,-61.7488,Gouyave,12.1675,-61.7293,Victoria,12.1905,-61.7243,Grenville,12.1170,-61.6220,Sauteurs,12.2167,-61.6333,Grand Anse,12.0282,-61.7573,St. David's,12.0530,-61.6805,St. John's,12.1087,-61.7248,St. Mark's,12.2333,-61.6833,Woburn,12.0280,-61.7322
Guatemala,Ciudad de Guatemala,14.6349,-90.5069,Antigua Guatemala,14.5566,-90.7346,Quetzaltenango,14.8349,-91.5189,Escuintla,14.3050,-90.7854,Chimaltenango,14.6620,-90.8194,Flores,16.9226,-89.8992,Puerto Barrios,15.7253,-88.5927,Totonicapán,14.9117,-91.3603,San Juan Sacatepéquez,14.7100,-90.6420,Huehuetenango,15.3195,-91.4723
Guinea,Conakry,9.6412,-13.5784,Nzérékoré,7.7591,-8.8179,Kindia,10.0568,-12.8657,Kankan,10.3852,-9.3057,Labé,11.3182,-12.2833,Boké,10.9333,-14.3000,Mamou,10.3755,-12.1000,Kissidougou,9.1847,-10.0997,Siguiri,11.4171,-9.1685,Macenta,8.5424,-9.4763
Guinea-Bissau,Bissau,11.8630,-15.5977,Gabu,12.2800,-14.2222,Bafatá,12.1667,-14.6667,Bolama,11.5764,-15.4765,Cacheu,12.2704,-16.1654,Buba,11.5829,-14.9955,Catio,11.2151,-15.1747,Fulacunda,11.8000,-15.2333,Mansoa,12.0733,-15.3182,Bissorã,12.2296,-15.4570
Guyana,Georgetown,6.8013,-58.1551,New Amsterdam,6.2479,-57.5352,Linden,5.9931,-58.2687,Bartica,6.4050,-58.6247,Mahdia,5.2667,-59.1500,Lethem,3.3805,-59.7994,Anna Regina,7.2667,-58.5000,Skeldon,5.8833,-57.1333,Rosignol,6.2715,-57.5392,Fort Wellington,6.4061,-57.6100
Haiti,Port-au-Prince,18.5944,-72.3074,Cap-Haïtien,19.7594,-72.1982,Gonaïves,19.4476,-72.6893,Les Cayes,18.2000,-73.7500,Jacmel,18.2342,-72.5347,Port-de-Paix,19.9373,-72.8330,Saint-Marc,19.1087,-72.6961,Carrefour,18.5410,-72.4003,Delmas,18.5447,-72.3028,Petit-Goâve,18.4314,-72.8617
Honduras,Tegucigalpa,14.0723,-87.1921,San Pedro Sula,15.5007,-88.0333,La Ceiba,15.7835,-86.7872,Choloma,15.6108,-87.9533,El Progreso,15.4026,-87.8039,Puerto Cortés,15.8354,-87.9293,La Lima,15.4376,-87.9212,Comayagua,14.4497,-87.6377,Danlí,14.0333,-86.5833,Juticalpa,14.6500,-86.2000
Hungary,Budapest,47.4979,19.0402,Debrecen,47.5316,21.6273,Szeged,46.2530,20.1414,Miskolc,48.1035,20.7784,Pécs,46.0727,18.2323,Győr,47.6875,17.6504,Nyíregyháza,47.9554,21.7166,Kecskemét,46.8964,19.6897,Székesfehérvár,47.1860,18.4235,Érd,47.3910,18.9130
Iceland,Reykjavík,64.1355,-21.8954,Kópavogur,64.1128,-21.8584,Hafnarfjörður,64.0676,-21.9375,Akureyri,65.6835,-18.0878,Reykjanesbær,63.9985,-22.5644,Selfoss,63.9361,-21.0013,Sauðárkrókur,65.7464,-19.6394,Ísafjörður,66.0709,-23.1272,Egilsstaðir,65.2727,-14.3948,Grindavík,63.8424,-22.4428
India,Nueva Delhi,28.6139,77.2090,Mumbai,19.0760,72.8777,Bangalore,12.9716,77.5946,Kolkata,22.5726,88.3639,Chennai,13.0827,80.2707,Hyderabad,17.3850,78.4867,Pune,18.5204,73.8567,Jaipur,26.9124,75.7873,Ahmedabad,23.0225,72.5714,Kochi,9.9312,76.2673
Indonesia,Yakarta,-6.2088,106.8456,Surabaya,-7.2575,112.7521,Bandung,-6.9175,107.6191,Medan,3.5952,98.6722,Semarang,-6.9667,110.4167,Palembang,-2.9909,104.7567,Denpasar,-8.6705,115.2126,Makassar,-5.1477,119.4327,Batam,1.0456,104.0305,Bandar Lampung,-5.4297,105.2628
Iran (Islamic Republic of),Teherán,35.6892,51.3890,Isfahán,32.6613,51.6804,Shiraz,29.5918,52.5837,Tabriz,38.0800,46.2919,Masjid-i-Suleiman,31.9364,49.3030,Karaj,35.8355,50.9915,Qom,34.6399,50.8759,Ahvaz,31.3183,48.6706,Yazd,31.8974,54.3569,Kerman,30.2839,57.0834
Iraq,Bagdad,33.3152,44.3661,Erbil,36.1900,44.0094,Basora,30.5085,47.7804,Najaf,32.0114,44.3112,Karbala,32.6160,44.0249,Sulaymaniyah,35.5610,45.4408,Mosul,36.3497,43.1570,Kirkuk,35.4681,44.3921,Duhok,36.8676,42.9910,Samarra,34.1959,43.8755
Ireland,Dublín,53.3498,-6.2603,Cork,51.8985,-8.4756,Galway,53.2707,-9.0568,Limerick,52.6638,-8.6267,Kilkenny,52.6541,-7.2523,Waterford,52.2593,-7.1101,Drogheda,53.7179,-6.3561,Tralee,52.2704,-9.7026,Sligo,54.2697,-8.4694,Killarney,52.0597,-9.5086
Israel,Jerusalén,31.7683,35.2137,Tel Aviv,32.0853,34.7818,Haifa,32.7940,34.9896,Eilat,29.5577,34.9519,Beersheba,31.2518,34.7913,Netanya,32.3215,34.8532,Herzliya,32.1663,34.8368,Acre,32.9230,35.0839,Tiberias,32.7940,35.5301,Ashdod,31.8014,34.6431
Italy,Roma,41.9028,12.4964,Venecia,45.4408,12.3155,Florencia,43.7696,11.2558,Milán,45.4642,9.1900,Nápoles,40.8518,14.2681,Pisa,43.7228,10.4017,Turín,45.0703,7.6869,Bolonia,44.4949,11.3426,Génova,44.4056,8.9463,Verona,45.4384,10.9916
Jamaica,Kington,17.9712,-76.7936,Montego Bay,18.4762,-77.8939,Ocho Rios,18.4056,-77.1048,Negril,18.2763,-78.3472,Port Antonio,18.1769,-76.4502,Mandeville,18.0417,-77.5071,Spanish Town,17.9911,-76.9578,Savanna-la-Mar,18.2194,-78.1338,May Pen,17.9645,-77.2417,Falmouth,18.4885,-77.6587
Japan,Tokio,35.6762,139.6503,Kioto,35.0116,135.7681,Osaka,34.6937,135.5023,Yokohama,35.4437,139.6380,Nagoya,35.1815,136.9066,Sapporo,43.0618,141.3545,Fukuoka,33.5904,130.4017,Hiroshima,34.3853,132.4553,Kobe,34.6901,135.1955,Nara,34.6851,135.8048
Jordan,Ammán,31.9454,35.9284,Petra,30.3285,35.4444,Aqaba,29.5267,35.0078,Irbid,32.5566,35.8469,Jerash,32.2722,35.8910,Madaba,31.7166,35.7932,Zarqa,32.0617,36.0959,As-Salt,32.0392,35.7275,Karak,31.1855,35.7040,Ma'an,30.1962,35.7340
Kazakhstan,Almaty,43.2220,76.8512,Nur-Sultan,51.1694,71.4491,Shymkent,42.3417,69.5901,Karagandy,49.8028,73.0994,Aktau,43.6411,51.1985,Oral,51.2279,51.3865,Pavlodar,52.2871,76.9674,Kostanay,53.2144,63.6246,Taldykorgan,45.0156,78.3739,Kyzylorda,44.8488,65.4823
Kenya,Nairobi,-1.2864,36.8172,Mombasa,-4.0435,39.6682,Kisumu,-0.1022,34.7617,Nakuru,-0.2833,36.0674,Eldoret,0.5143,35.2698,Malindi,-3.2192,40.1160,Naivasha,-0.7170,36.4310,Thika,-1.0333,37.0707,Kitale,1.0004,35.0053,Garissa,-0.4528,39.6460
Kiribati,South Tarawa,-1.4438,173.0380,Betio,-1.3618,172.9331,Bikenibeu,-1.3741,173.1291,Eita,-1.3940,173.1200,Bonriki,-1.3846,173.1520,Buariki,-1.4683,173.0172,Nabeina,-1.4965,173.0097,Tanaea,-1.4933,173.0142,Buariki Village,-1.5306,172.9876,Abarao,-1.4622,173.0364
Democratic People's Republic of Korea,Pyongyang,39.0392,125.7625,Kaesong,37.9708,126.5544,Hamhung,39.9183,127.5364,Nampo,38.7291,125.4057,Wonsan,39.1575,127.4276,Chongjin,41.7667,129.7997,Sinuiju,40.1009,124.3980,Rason,42.3430,130.3964,Haeju,38.0394,125.7147,Songnim,38.7543,125.6455
Republic of Korea,Seúl,37.5665,126.9780,Busan,35.1796,129.0756,Incheon,37.4563,126.7052,Daegu,35.8714,128.6014,Daejeon,36.3504,127.3845,Gwangju,35.1595,126.8526,Suwon,37.2636,127.0286,Changwon,35.2281,128.6811,Ulsan,35.5384,129.3114,Jeonju,35.8242,127.1480
Kuwait,Kuwait City,29.3759,47.9774,Hawally,29.3339,48.0285,Salmiya,29.3335,48.0787,Mubarak Al-Kabeer,29.2006,48.0034,Al Ahmadi,29.0768,48.0838,Al Farwaniyah,29.2775,47.9586,Jahra,29.3375,47.6581,Al Fintas,29.1736,48.1217,Al Mangaf,29.0969,48.1325,Al Jahra,29.3375,47.6581
Kyrgyzstan,Bishkek,42.8746,74.5698,Osh,40.5134,72.8161,Jalal-Abad,40.9333,73.0000,Tokmok,42.8403,75.3020,Karakol,42.4919,78.3936,Kant,42.8916,74.8509,Uzgen,40.7691,73.2949,Balykchy,42.4601,76.1876,Naryn,41.4287,76.0044,Cholpon-Ata,42.6483,77.0832
Lao People's Democratic Republic,Vientián,17.9757,102.6331,Luang Prabang,19.8836,102.1347,Pakse,15.1182,105.7990,Thakhek,17.4108,104.8317,Savannakhet,16.5539,104.7501,Muang Xay,20.6891,101.9853,Phonsavan,19.4580,103.2141,Sam Neua,20.4156,104.0484,Paksan,18.2350,103.7340,Muang Phon-Hong,18.4987,102.4157
Latvia,Riga,56.9496,24.1052,Daugavpils,55.8714,26.5166,Liepāja,56.5057,21.0108,Jūrmala,56.9680,23.7709,Jelgava,56.6520,23.7196,Ventspils,57.3906,21.5701,Rēzekne,56.5103,27.3402,Valmiera,57.5394,25.4260,Ogre,56.8164,24.6014,Cēsis,57.3119,25.2738
Lebanon,Beirut,33.8938,35.5018,Tripoli,34.4331,35.8448,Byblos,34.1215,35.6482,Tyre,33.2737,35.2033,Baalbek,34.0058,36.2181,Zahlé,33.8465,35.9020,Jounieh,33.9787,35.6343,Saida,33.5600,35.3763,Ehden,34.2983,35.9807,Bcharré,34.2508,36.0108
Lesotho,Maseru,-29.3158,27.4869,Teyateyaneng,-29.1500,27.7500,Mohale's Hoek,-30.1535,27.4767,Quthing,-30.4000,27.7167,Mafeteng,-29.8224,27.2407,Leribe,-28.8718,28.0456,Mokhotlong,-29.2881,29.0686,Butha-Buthe,-28.7679,28.2420,Qacha's Nek,-30.1155,28.6851,Maputsoe,-28.8867,27.8996
Liberia,Monrovia,6.3156,-10.8074,Gbarnga,6.9950,-9.4720,Kakata,6.5250,-10.3533,Bensonville,6.4478,-10.6125,Zwedru,6.0670,-8.1350,Harper,4.3750,-7.7167,Buchanan,5.8678,-10.0511,Ganta,7.3027,-8.5304,Yekepa,7.5829,-8.5370,Voinjama,8.4214,-9.7476
Libya,Tripoli,32.8872,13.1913,Bengasi,32.1161,20.0667,Misurata,32.3754,15.0925,Zawiya,32.7571,12.7277,Zliten,32.4631,14.5687,Al Khums,32.6486,14.2619,Al Bayda,32.7592,21.7551,Tobruk,32.0748,23.9648,Derna,32.7648,22.6394, Sabha,27.0333,14.4333
Liechtenstein,Vaduz,47.1410,9.5209,Schaan,47.1642,9.5086,Balzers,47.0657,9.5047,Triesen,47.1022,9.5161,Eschen,47.2088,9.5228,Maienfeld,47.0033,9.5294,Ruggell,47.2401,9.5262,Gamprin,47.2197,9.5104,Schellenberg,47.2321,9.5470,Triesenberg,47.1177,9.5431
Lithuania,Vilna,54.6872,25.2797,Kaunas,54.8985,23.9036,Klaipėda,55.7033,21.1443,Šiauliai,55.9333,23.3167,Panevėžys,55.7333,24.3500,Alytus,54.4000,24.0500,Marijampolė,54.5550,23.3495,Mažeikiai,56.3167,22.3333,Utena,55.5000,25.6000,Jonava,55.0833,24.2833
Luxembourg,Luxemburgo,49.6117,6.1319,Esch-sur-Alzette,49.4958,5.9806,Dudelange,49.4800,6.0800,Differdange,49.5200,5.8917,Ettelbruck,49.8475,6.1014,Diekirch,49.8675,6.1578,Grevenmacher,49.6769,6.4423,Rumelange,49.4610,6.0310,Echternach,49.8131,6.4208,Remich,49.5450,6.3664
Madagascar,Antananarivo,-18.8792,47.5079,Toamasina,-18.1496,49.4023,Antsirabe,-19.8659,47.0333,Antsiranana,-12.2833,49.3000,Fianarantsoa,-21.4530,47.0857,Toliara,-23.3500,43.6667,Mahajanga,-15.7161,46.3167,Ambovombe,-25.1785,46.0870,Ambanja,-13.6833,48.4500,Mananjary,-21.2300,48.3440
Malawi,Lilongüe,-13.9833,33.7833,Blantyre,-15.7861,35.0058,Mzuzu,-11.4655,34.0207,Zomba,-15.3833,35.3333,Mangochi,-14.4781,35.2644,Karonga,-9.9333,33.9333,Salima,-13.7804,34.4587,Balaka,-14.9794,34.9562,Nkhotakota,-12.9333,34.3000,Kasungu,-13.0333,33.4833
Malaysia,Kuala Lumpur,3.1390,101.6869,George Town,5.4141,100.3288,Ipoh,4.6094,101.1058,Johor Bahru,1.4927,103.7414,Malaca,2.1896,102.2501,Kota Kinabalu,5.9804,116.0735,Shah Alam,3.0738,101.5183,Kuantan,3.8078,103.3260,Kuching,1.5533,110.3593,Petaling Jaya,3.0833,101.6500
Maldives,Malé,4.1755,73.5093,Addu City,-0.6110,73.1016,Fuvahmulah,-0.2988,73.4243,Hithadhoo,-0.5903,73.0870,Naifaru,5.4440,73.3652,Thinadhoo,0.5301,72.9997,Eydhafushi,5.1033,73.0702,Dhidhdhoo,6.8875,72.1400,Manadhoo,5.7669,73.4125,Viligili,0.7593,73.4326
Mali,Bamako,12.6392,-8.0029,Sikasso,11.3173,-5.6660,Segou,13.4317,-6.2157,Mopti,14.4940,-4.1940,Koutiala,12.3917,-5.4697,Gao,16.2717,-0.0447,Kayes,14.4469,-11.4393,Markala,13.7021,-6.0681,Bafoulabe,13.8100,-10.8327,Tombuctú,16.7666,-3.0026
Malta,Valletta,35.8997,14.5147,Birgu,35.8872,14.5183,Birkirkara,35.8972,14.4617,Gozo,36.0440,14.2522,Mdina,35.8889,14.4031,Sliema,35.9125,14.5056,Senglea,35.8875,14.5167,St. Julian's,35.9181,14.4883,Paola,35.8761,14.5042,Floriana,35.8967,14.5117
Marshall Islands,Majuro,7.1164,171.1850,Ebeye,8.7815,167.7371,Arno,7.0645,171.6191,Jaluit,5.9208,169.6255,Mejit,10.2831,170.8648,Maloelap,8.6997,171.2132,Kili,5.6446,169.1197,Utirik,11.2224,169.8521,Lib Island,8.3167,167.3833,Woja,7.6756,168.2555
Mauritania,Nouakchott,18.0735,-15.9582,Nouadhibou,20.9310,-17.0347,Kiffa,16.6165,-11.4060,Kaédi,16.1513,-13.5037,Rosso,16.5138,-15.8048,Atar,20.5186,-13.0495,Zouérat,22.7354,-12.4840,Néma,16.6161,-7.2589,Tidjikja,18.5565,-11.4167,Boutilimit,17.5333,-14.6667
Mauritius,Port Louis,-20.1609,57.5012,Grand Baie,-20.0175,57.5724,Flic en Flac,-20.2742,57.3643,Curepipe,-20.3147,57.5209,Quatre Bornes,-20.2638,57.4740,Mahebourg,-20.4081,57.7008,Beau Bassin-Rose Hill,-20.2221,57.4737,Vacoas-Phoenix,-20.3000,57.4700,Trou-aux-Biches,-20.0412,57.5524,Bel Ombre,-20.5030,57.4131
Mexico,Ciudad de México,19.4326,-99.1332,Cancún,21.1619,-86.8515,Guadalajara,20.6597,-103.3496,Monterrey,25.6866,-100.3161,Playa del Carmen,20.6296,-87.0739,Puebla,19.0414,-98.2063,Tulum,20.2114,-87.4654,Cabo San Lucas,22.8905,-109.9167,Mérida,20.9674,-89.5926,Puerto Vallarta,20.6534,-105.2253
Micronesia (Federated States of),Palikir,6.9248,158.1611,Kolonia,6.9646,158.2061,Tofol,5.3245,163.0078,Kolonia,6.9646,158.2061,Lele,5.3304,162.9577,Palikir,6.9248,158.1611,Lelu,5.3304,163.0272,Tafunsak,5.3744,162.9645,Kolonia,6.9646,158.2061,Tofol,5.3245,163.0078
Republic of Moldova,Chisináu,47.0105,28.8638,Tiraspol,46.8427,29.6290,Bălți,47.7615,27.9289,Bender,46.8319,29.4717,Rîbnița,47.7693,29.0104,Orhei,47.3847,28.8226,Cahul,45.9045,28.1994,Ungheni,47.2178,27.8014,Soroca,48.1551,28.2849,Edineț,48.1684,27.3032
Monaco,Monte Carlo,43.7384,7.4270,Monaco-Ville,43.7333,7.4167,La Condamine,43.7330,7.4200,Fontvieille,43.7320,7.4167,Les Révoires,43.7340,7.4167,Moneghetti,43.7310,7.4190,Larvotto,43.7400,7.4300,Saint Roman,43.7450,7.4380,Jardin Exotique,43.7322,7.4153,Spélugues,43.7392,7.4265
Mongolia,Ulán Bator,47.8864,106.9057,Erdenet,49.0510,104.0351,Darchán,49.4868,105.9220,Mörön,49.6341,100.1629,Choibalsan,48.0783,114.5462,Ölgii,48.9683,89.9678,Bayankhongor,46.1928,100.7172,Baruun-Urt,46.6806,113.2794,Ulaangom,49.9811,92.0664,Mandalgovi,45.7625,106.2708
Montenegro,Podgorica,42.4418,19.2662,Herceg Novi,42.4528,18.5314,Budva,42.2864,18.8413,Kotor,42.4247,18.7712,Bar,42.0977,19.0977,Cetinje,42.3907,18.9110,Tivat,42.4364,18.6977,Ulcinj,41.9291,19.2241,Bijelo Polje,43.0386,19.7472,Pljevlja,43.3563,19.3543
Morocco,Marrakech,31.6295,-7.9811,Casablanca,33.5731,-7.5898,Fes,34.0181,-5.0078,Tánger,35.7595,-5.8340,Rabat,34.0209,-6.8416,Agadir,30.4278,-9.5981,Meknes,33.8959,-5.5540,Chefchaouen,35.1688,-5.2636,Ouarzazate,30.9189,-6.8934,Essaouira,31.5085,-9.7595
Mozambique,Maputo,-25.9692,32.5732,Beira,-19.8333,34.8500,Nampula,-15.1165,39.2666,Nacala,-14.5635,40.6854,Tete,-16.1564,33.5869,Quelimane,-17.8786,36.8879,Chimoio,-19.1164,33.4833,Pemba,-12.9730,40.5178,Lichinga,-13.3122,35.2403,Xai-Xai,-25.0519,33.6442
Myanmar,Yangon,16.8661,96.1951,Mandalay,21.9162,96.0824,Naypyidaw,19.7633,96.0785,Bagan,21.1717,94.8585,Inle Lake,20.5667,96.9167,Toungoo,18.9244,96.4336,Hpa-An,16.8825,97.6408,Mawlamyine,16.4918,97.6258,Pyin Oo Lwin,22.0358,96.4583,Dawei,14.0900,98.2000
Namibia,Windhoek,-22.5609,17.0658,Swakopmund,-22.6820,14.5272,Walvis Bay,-22.9576,14.5052,Otjiwarongo,-20.4637,16.6510,Rundu,-17.9208,19.7654,Oshakati,-17.7877,15.7044,Keetmanshoop,-26.5766,18.1313,Tsumeb,-19.2337,17.7180,Lüderitz,-26.6481,15.1591,Grootfontein,-19.5666,18.1166
Nauru,Yaren,-0.5477,166.9209,Baiti,-0.5346,166.9122,Boe,-0.5456,166.9125,Anabar,-0.5127,166.9421,Anibare,-0.5191,166.9496,Denigomodu,-0.5236,166.9084,Ijuw,-0.5156,166.9421,Ewa,-0.5110,166.9203,Anetan,-0.5031,166.9237,Uaboe,-0.5048,166.9171
Nepal,Kathmandu,27.7172,85.3240,Pokhara,28.2096,83.9856,Patan,27.6782,85.3140,Bhaktapur,27.6725,85.4298,Biratnagar,26.4536,87.2718,Bharatpur,27.6766,84.4401,Janakpur,26.7288,85.9248,Dharan,26.8126,87.2832,Butwal,27.6949,83.4488,Nepalgunj,28.0500,81.6167
Netherlands,Ámsterdam,52.3676,4.9041,Rotterdam,51.9225,4.4792,La Haya,52.0705,4.3007,Utrecht,52.0907,5.1214,Eindhoven,51.4416,5.4697,Haarlem,52.3874,4.6462,Arnhem,51.9851,5.8987,Groningen,53.2194,6.5665,Maastricht,50.8514,5.6910,Nijmegen,51.8420,5.8528
New Zealand,Auckland,-36.8485,174.7633,Wellington,-41.2865,174.7762,Christchurch,-43.5321,172.6362,Queenstown,-45.0312,168.6626,Rotorua,-38.1368,176.2497,Tauranga,-37.6878,176.1651,Hamilton,-37.7870,175.2793,Napier,-39.4928,176.9120,Dunedin,-45.8788,170.5028,Nelson,-41.2706,173.2840
Nicaragua,Managua,12.1364,-86.2514,León,12.4379,-86.8780,Granada,11.9299,-85.9595,Masaya,11.9740,-86.0942,Estelí,13.0857,-86.3544,Matagalpa,12.9256,-85.9172,Chinandega,12.6299,-87.1314,Jinotega,13.0914,-86.0024,Rivas,11.4375,-85.8267,Bluefields,12.0004,-83.7645
Niger,Niamey,13.5126,2.1128,Zinder,13.8072,8.9881,Maradi,13.4917,7.0965,Tahoua,14.8888,5.2692,Agadez,16.9733,7.9911,Diffa,13.3154,12.6113,Dosso,13.0490,3.1948,Gaya,11.8833,3.4500,Arlit,18.7369,7.3684,Dogondoutchi,13.6370,4.0314
Nigeria,Lagos,6.5244,3.3792,Abuja,9.0765,7.3986,Kano,12.0022,8.5910,Ibadan,7.3775,3.9470,Port Harcourt,4.8156,7.0498,Benin City,6.3350,5.6037,Maiduguri,11.8333,13.1500,Zaria,11.0855,7.7199,Aba,5.1066,7.3667,Kaduna,10.5105,7.4165
Norway,Oslo,59.9139,10.7522,Bergen,60.3913,5.3221,Trondheim,63.4305,10.3951,Stavanger,58.9690,5.7331,Tromsø,69.6492,18.9553,Ålesund,62.4722,6.1549,Haugesund,59.4138,5.2680,Sandnes,58.8465,5.6998,Kristiansand,58.1467,7.9956,Drammen,59.7439,10.2045
Oman,Muscat,23.5880,58.3829,Salalah,17.0194,54.0897,Nizwa,22.9333,57.5333,Sohar,24.3471,56.7094,Sur,22.5667,59.5289,Seeb,23.6703,58.1826,Ibri,23.2255,56.5167,Khasab,26.1799,56.2477,Bahla,22.9604,57.2980,Mutrah,23.6150,58.5906
Pakistan,Karachi,24.8607,67.0011,Lahore,31.5497,74.3436,Islamabad,33.6844,73.0479,Rawalpindi,33.5651,73.0169,Faisalabad,31.4504,73.1350,Peshawar,34.0151,71.5249,Multan,30.1575,71.5249,Gujranwala,32.1877,74.1945,Sialkot,32.4945,74.5229,Quetta,30.1798,66.9750
Palau,Ngerulmud,7.5004,134.6231,Koror,7.3426,134.4797,Melekeok,7.4882,134.6262,Ngardmau,7.5801,134.5458,Ngaraard,7.6534,134.6372,Airai,7.3571,134.5487,Ngchesar,7.4712,134.5750,Ngarchelong,7.6979,134.6436,Ngatpang,7.5092,134.5432,Ngaremlengui,7.5333,134.5367
Panama,Ciudad de Panamá,8.9833,-79.5167,Colón,9.3592,-79.9014,David,8.4333,-82.4333,La Chorrera,8.8803,-79.7834,Santiago de Veraguas,8.1000,-80.9833,Chitré,7.9667,-80.4333,Penonomé,8.5167,-80.3667,Changuinola,9.4333,-82.5167,Puerto Armuelles,8.2833,-82.8667,Almirante,9.3000,-82.4000
Papua New Guinea,Port Moresby,-9.4780,147.1500,Lae,-6.7210,146.9840,Mt. Hagen,-5.8650,144.2205,Goroka,-6.0833,145.3878,Madang,-5.2225,145.7962,Kokopo,-4.3480,152.2630,Wewak,-3.5461,143.6268,Kimbe,-5.5504,150.1429,Popondetta,-8.7676,148.2317,Arawa,-6.2264,155.5644
Paraguay,Asunción,-25.2637,-57.5759,Ciudad del Este,-25.5095,-54.6111,Encarnación,-27.3375,-55.8667,San Lorenzo,-25.3397,-57.5088,Luque,-25.2753,-57.5278,Caaguazú,-25.4625,-56.0148,Pedro Juan Caballero,-22.5471,-55.7336,Limpio,-25.1864,-57.5350,Coronel Oviedo,-25.4475,-56.4428,Caazapá,-26.1970,-56.3681
Peru,Lima,-12.0464,-77.0428,Cusco,-13.5320,-71.9675,Arequipa,-16.4090,-71.5375,Trujillo,-8.1110,-79.0288,Iquitos,-3.7437,-73.2516,Chiclayo,-6.7766,-79.8440,Puno,-15.8402,-70.0219,Pucallpa,-8.3791,-74.5539,Huaraz,-9.5278,-77.5278,Piura,-5.1945,-80.6328
Philippines,Manila,14.5995,120.9842,Cebu City,10.3157,123.8854,Davao City,7.1907,125.4553,Quezon City,14.6760,121.0437,Zamboanga City,6.9214,122.0790,Taguig,14.5131,121.0420,Antipolo,14.6256,121.1245,Pasig,14.5864,121.0614,Cagayan de Oro,8.4542,124.6319,Makati,14.5547,121.0244
Poland,Varsovia,52.2297,21.0122,Cracovia,50.0647,19.9450,Wrocław,51.1079,17.0385,Łódź,51.7592,19.4560,Poznań,52.4064,16.9252,Gdańsk,54.3520,18.6466,Szczecin,53.4289,14.5530,Bydgoszcz,53.1235,18.0084,Lublin,51.2465,22.5684,Katowice,50.2649,19.0238
Portugal,Lisboa,38.7167,-9.1390,Porto,41.1579,-8.6291,Faro,37.0194,-7.9308,Coímbra,40.2056,-8.4196,Braga,41.5454,-8.4265,Aveiro,40.6405,-8.6538,Funchal,32.6669,-16.9241,Sintra,38.8000,-9.3833,Vila Nova de Gaia,41.1242,-8.6121,Guimarães,41.4440,-8.2956
Qatar,Doha,25.2760,51.2215,Al Rayyan,25.2919,51.4244,Umm Salal Muhammad,25.4167,51.4000,Al Wakrah,25.1671,51.6034,Al Khor,25.6840,51.5050,Madinat ash Shamal,26.1304,51.2000,Al Wakrah,25.1709,51.6039,Dukhan,25.4295,50.7859,Al Wukayr,25.2048,51.5351,Al Ruwais,26.1335,51.2167
Romania,Bucarest,44.4268,26.1025,Cluj-Napoca,46.7700,23.5900,Timișoara,45.7494,21.2272,Iași,47.1585,27.6014,Constanța,44.1598,28.6348,Craiova,44.3181,23.8000,Brașov,45.6579,25.6012,Galați,45.4353,28.0076,Ploiești,44.9364,26.0325,Oradea,47.0722,21.9212
Russian Federation,Moscú,55.7558,37.6176,Saint Petersburg,59.9343,30.3351,Novosibirsk,55.0084,82.9357,Yekaterinburg,56.8389,60.6057,Nizhny Novgorod,56.2965,43.9361,Kazan,55.8304,49.0661,Chelyabinsk,55.1644,61.4368,Samara,53.2415,50.2212,Omsk,54.9885,73.3242,Ufa,54.7388,55.9721
Rwanda,Kigali,-1.9706,30.1044,Butare,-2.5987,29.7372,Gisenyi,-1.7028,29.2561,Byumba,-1.5720,30.0671,Nyagatare,-1.3082,30.3217,Gitarama,-2.0744,29.7569,Ruhengeri,-1.4999,29.6349,Cyangugu,-2.4776,28.9073,Kibuye,-2.0608,29.3484,Rwamagana,-1.9487,30.4347
Saint Kitts and Nevis,Basseterre,17.3026,-62.7177,Charlestown,17.1366,-62.6252,Dieppe Bay Town,17.4189,-62.8041,Mansion,17.3586,-62.7792,Sandy Point Town,17.3614,-62.8453,Cayon,17.3487,-62.7321,Monkey Hill,17.3026,-62.7159,Half Way Tree,17.3297,-62.7703,Trinity,17.3194,-62.7483,St. Pauls,17.4042,-62.8370
Saint Lucia,Castries,14.0101,-60.9875,Soufrière,13.8585,-61.0550,Gros Islet,14.0701,-60.9530,Marigot Bay,13.9571,-61.0200,Anse La Raye,13.9385,-61.0410,Vieux Fort,13.7206,-60.9510,Micoud,13.8151,-60.9003,Dennery,13.9427,-60.8956,Canaries,13.9107,-61.0730,Laborie,13.7428,-60.9922
Saint Vincent and the Grenadines,Kingstown,13.1607,-61.2248,Georgetown,13.2573,-61.1147,Barrouallie,13.2298,-61.2730,Chateaubelair,13.2876,-61.2504,Port Elizabeth,13.0093,-61.2417,Bequia,13.0076,-61.2406,Calliaqua,13.1261,-61.1883,Arnos Vale,13.1441,-61.2076,Union Island,12.5875,-61.4078,Botanical Gardens,13.1599,-61.2253
Samoa,Apia,-13.8507,-171.7514,Vaitele,-13.8274,-171.7946,Siusega,-13.8274,-171.8073,Fasito'o Uta,-13.8139,-171.9673,Solosolo,-13.8537,-171.5818,Afega,-13.7978,-171.8611,Lotopa,-13.8422,-171.7746,Leulumoega,-13.8008,-171.9442,Saleimoa,-13.8304,-171.8355,Lepea,-13.8239,-171.7850
San Marino,San Marino,43.9333,12.4500,Serravalle,43.9694,12.4814,Borgo Maggiore,43.9456,12.4476,Dogana,43.9740,12.4885,Acquaviva,43.9452,12.4233,Fiorentino,43.9186,12.4583,Chiesanuova,43.9090,12.4222,Faetano,43.9214,12.4853,Falciano,43.9584,12.4820,Montegiardino,43.9050,12.4645
Sao Tome and Principe,São Tomé,0.3365,6.7273,Trindade,0.2986,6.6547,Santo Amaro,0.2727,6.6483,Santana,0.2740,6.7550,Neves,0.3780,6.6124,Guadalupe,0.3864,6.6423,Santa Cruz,0.3804,6.6882,Pantufo,0.2928,6.7478,São João dos Angolares,0.1487,6.5733,Santo António,1.6382,7.4195
Saudi Arabia,Riyadh,24.7136,46.6753,Jeddah,21.4858,39.1925,Mecca,21.4225,39.8262,Medina,24.5247,39.5692,Dammam,26.4207,50.0888,Khobar,26.2172,50.1971,Tabuk,28.3838,36.5549,Abha,18.2465,42.5117,Khamis Mushait,18.3094,42.7429,Al Hofuf,25.3646,49.5873
Senegal,Dakar,14.7167,-17.4677,Thiès,14.7924,-16.9225,Kaolack,14.1487,-16.0758,Ziguinchor,12.5781,-16.2719,Touba,14.8575,-15.8815,Diourbel,14.6630,-16.2310,Saint-Louis,16.0179,-16.4896,Tambacounda,13.7686,-13.6673,Kolda,12.8937,-14.9411,Mbour,14.4296,-16.9664
Serbia,Belgrado,44.7872,20.4573,Novi Sad,45.2671,19.8335,Niš,43.3209,21.8958,Kragujevac,44.0128,20.9116,Subotica,46.1001,19.6659,Leskovac,43.0040,21.9460,Zrenjanin,45.3770,20.3864,Pancevo,44.8733,20.6455,Cacak,43.8914,20.3497,Novi Pazar,43.1367,20.5120
Seychelles,Victoria,-4.6191,55.4513,Anse Boileau,-4.7228,55.4790,Beau Vallon,-4.6200,55.4328,Anse Royale,-4.7353,55.5146,Takamaka,-4.7741,55.5090,Praslin,-4.3204,55.7381,La Digue,-4.3583,55.8303,Anse Aux Pins,-4.6762,55.5110,Baie Lazare,-4.7139,55.5046,Port Glaud,-4.6726,55.4217
Sierra Leone,Freetown,8.4657,-13.2317,Bo,7.9631,-11.7381,Koidu,8.6442,-10.9705,Kenema,7.8753,-11.1871,Makeni,8.8800,-12.0442,Lunsar,8.6841,-12.5348,Port Loko,8.7660,-12.7853,Wellington,8.3279,-13.0794,Pendembu,8.0991,-10.6998,Bonthe,7.5265,-12.5050
Singapore,Singapur,1.3521,103.8198,Ang Mo Kio,1.3691,103.8454,Bedok,1.3236,103.9274,Bukit Batok,1.3561,103.7540,Bishan,1.3483,103.8492,Changi,1.3644,103.9915,Choa Chu Kang,1.3854,103.7448,Clementi,1.3151,103.7642,Geylang,1.3200,103.8930,Hougang,1.3615,103.8860
Slovakia,Bratislava,48.1486,17.1077,Košice,48.7164,21.2611,Prešov,48.9980,21.2338,Žilina,49.2254,18.7386,Nitra,48.3064,18.0754,Banská Bystrica,48.7363,19.1461,Trnava,48.3770,17.5887,Martin,49.0633,18.9261,Trenčín,48.8945,18.0440,Poprad,49.0610,20.2975
Slovenia,Ljubljana,46.0569,14.5058,Maribor,46.5547,15.6459,Celje,46.2309,15.2604,Kranj,46.2388,14.3556,Koper,45.5469,13.7292,Ptuj,46.4216,15.8699,Trbovlje,46.1534,15.0525,Nova Gorica,45.9560,13.6493,Velenje,46.3585,15.1095,Novo Mesto,45.8039,15.1689
Solomon Islands,Honiara,-9.4456,159.9729,Gizo,-8.0974,156.8419,Auki,-8.7664,160.6997,Munda,-8.3272,157.2635,Tulaghi,-9.1073,160.1525,Buala,-8.1462,159.5923,Kirakira,-10.4492,161.9205,Lata,-10.7303,165.8142,Taro Island,-6.7107,156.3961,Tigoa,-9.3776,161.2754
Somalia,Mogadiscio,2.0469,45.3182,Hargeisa,9.5624,44.0776,Bosaso,11.2743,49.1798,Galkayo,6.7742,47.4319,Kismayo,-0.3582,42.5454,Baidoa,3.1138,43.6493,Burao,9.5221,45.5322,Merca,1.7140,44.7711,Jowhar,2.7768,45.5005,Beledweyne,4.7350,45.2036
South Africa,Johannesburgo,-26.2041,28.0473,Ciudad del Cabo,-33.9249,18.4241,Pretoria,-25.7479,28.2293,Durban,-29.8587,31.0218,Bloemfontein,-29.1183,26.2333,Port Elizabeth,-33.9608,25.6022,Nelspruit,-25.4745,30.9703,Kimberley,-28.7384,24.7636,Pietermaritzburg,-29.6006,30.3794,Polokwane,-23.9045,29.4689
South Sudan,Juba,4.8517,31.5820,Malakal,9.5334,31.6500,Wau,7.7029,27.9953,Bor,6.2153,31.5587,Yambio,4.5705,28.4163,Rumbek,6.8060,29.6769,Aweil,8.7619,27.3926,Yei,4.0953,30.6775,Kapoeta,4.7710,33.5907,Torit,4.4107,32.5703
Spain,Madrid,40.4168,-3.7038,Barcelona,41.3851,2.1734,Valencia,39.4699,-0.3763,Sevilla,37.3886,-5.9823,Zaragoza,41.6488,-0.8891,Málaga,36.7213,-4.4214,Bilbao,43.2630,-2.9349,Granada,37.1773,-3.5986,Córdoba,37.8882,-4.7794,Salamanca,40.9701,-5.6635
Sri Lanka,Colombo,6.9271,79.8612,Kandy,7.2906,80.6337,Galle,6.0535,80.2210,Nuwara Eliya,6.9497,80.7891,Jaffna,9.6615,80.0255,Trincomalee,8.5874,81.2152,Negombo,7.2008,79.8737,Anuradhapura,8.3114,80.4037,Batticaloa,7.7339,81.6735,Ratnapura,6.6840,80.3991
Sudan,Khartum,15.5007,32.5599,Omdurmán,15.6482,32.4822,Port Sudan,19.6144,37.2164,Nyala,12.0464,24.8803,El Obeid,13.1840,30.2167,Kassala,15.4558,36.3992,El Fasher,13.6294,25.3546,Kosti,13.1623,32.6635,Atbara,17.6974,33.9824,Wad Madani,14.4010,33.5199
Suriname,Paramaribo,5.8520,-55.2038,Lelydorp,5.6981,-55.2336,Brokopondo,5.0667,-54.9800,Nieuw Nickerie,5.9451,-56.9870,Moengo,5.6078,-54.4006,Wanica,5.7500,-55.2333,Albina,5.5007,-54.0570,Marienburg,5.8807,-55.0581,Totness,5.8876,-56.3198,Onverwacht,5.5800,-55.1800
Sweden,Estocolmo,59.3293,18.0686,Gotemburgo,57.7089,11.9746,Malmö,55.6049,13.0038,Uppsala,59.8586,17.6389,Västerås,59.6099,16.5448,Örebro,59.2741,15.2066,Linköping,58.4108,15.6214,Helsingborg,56.0465,12.6945,Jönköping,57.7826,14.1618,Norrköping,58.5877,16.1924
Switzerland,Zúrich,47.3769,8.5417,Ginebra,46.2044,6.1432,Basilea,47.5596,7.5886,Berna,46.9481,7.4474,Lausana,46.5197,6.6323,Winterthur,47.4988,8.7237,Sankt Gallen,47.4245,9.3767,Lugano,46.0037,8.9511,Biel/Bienne,47.1351,7.2463,Thun,46.7570,7.6274
Syrian Arab Republic,Damasco,33.5138,36.2765,Alepo,36.2021,37.1343,Homs,34.7324,36.7138,Latakia,35.5134,35.7906,Hama,35.1318,36.7578,Deir ez-Zor,35.3333,40.1500,Raqa,35.9506,39.0096,Sweida,32.7081,36.5698,Duma,33.5714,36.4020,Tartus,34.8913,35.8866
Tajikistan,Dushanbe,38.5598,68.7870,Khujand,40.2826,69.6222,Kulob,37.9146,69.7757,Qurghonteppa,37.8390,68.7840,Istaravshan,39.9146,69.0031,Konibodom,40.2820,70.4211,Tursunzoda,38.5103,68.2330,Panjakent,39.4958,67.6095,Farkhor,37.4928,69.4037,Khorog,37.4920,71.5556
United Republic of Tanzania,Dar es Salaam,-6.7924,39.2083,Arusha,-3.3869,36.6820,Mwanza,-2.5164,32.9175,Zanzibar,-6.1659,39.2026,Dodoma,-6.1630,35.7516,Mbeya,-8.9106,33.4594,Morogoro,-6.8292,37.6636,Tanga,-5.0667,39.0988,Moshi,-3.3349,37.3404,Kigoma,-4.8775,29.6222
Thailand,Bangkok,13.7563,100.5018,Chiang Mai,18.7883,98.9853,Pattaya,12.9236,100.8825,Phuket,7.8804,98.3923,Krabi,8.0863,98.9063,Hua Hin,12.5684,99.9577,Hat Yai,7.0083,100.4740,Nakhon Ratchasima,14.9799,102.0977,Udon Thani,17.4075,102.7920,Chiang Rai,19.9107,99.8401
Togo,Lomé,6.1725,1.2314,Sokodé,8.9833,1.1333,Kara,9.5511,1.1860,Kpalimé,6.9000,0.6333,Bassar,9.2572,-0.7898,Tsévié,6.4264,1.2136,Aného,6.2333,1.6000,Atakpamé,7.5333,1.1333,Mango,10.3592,0.4708,Tchamba,9.0304,1.4141
Tonga,Nukualofa,-21.1393,-175.2018,Neiafu,-18.6510,-173.9830,Pangai,-19.8025,-174.3514,Niuatoputapu,-15.9500,-173.7830,Kolovai,-21.1042,-175.3136,Falehau,-15.6071,-175.6347,Holonga,-21.1500,-175.2000,Hihifo,-15.9452,-173.7404,Muʻa,-21.1697,-175.1494,Vaisei,-18.6500,-173.9800
Trinidad and Tobago,Port of Spain,10.6606,-61.5085,San Fernando,10.2797,-61.4580,Chaguanas,10.5160,-61.4160,Arima,10.6370,-61.2820,Point Fortin,10.1700,-61.6484,Sangre Grande,10.5837,-61.1333,Scarborough,11.1794,-60.7345,Couva,10.4246,-61.4623,Tunapuna,10.6347,-61.3885,Marabella,10.2888,-61.4621
Tunisia,Túnez,36.8065,10.1815,Sfax,34.7406,10.7603,Susa,35.8256,10.6410,Kairuán,35.6781,10.0963,Bizerta,37.2744,9.8739,Gabes,33.8815,10.0982,Ariana,36.8663,10.1647,Gafsa,34.4250,8.7842,Mahdia,35.5047,11.0622,Monastir,35.7770,10.8260
Turkey,Estambul,41.0082,28.9784,Ankara,39.9334,32.8597,Izmir,38.4237,27.1428,Antalya,36.8969,30.7133,Bursa,40.1828,29.0663,Adana,37.0000,35.3213,Konya,37.8714,32.4848,Gaziantep,37.0662,37.3833,Mersin,36.8121,34.6415,Kayseri,38.7322,35.4853
Turkmenistan,Ashgabat,37.9601,58.3261,Turkmenabat,39.0821,63.5735,Dashoguz,41.8335,59.9643,Mary,37.5938,61.8330,Balkanabat,39.5104,54.3661,Bayramaly,37.6257,62.1663,Tejen,37.3786,60.4968,Serdar,38.9781,56.2778,Atamyrat,37.8354,65.2105,Magdanly,37.5092,62.1911
Tuvalu,Fongafale,-8.5172,179.2012,Alapi Village,-8.5206,179.1943,Funafuti Village,-8.5252,179.1982,Fakaifou Village,-8.5285,179.1944,Teone Village,-8.5201,179.2102,Senala Village,-8.5058,179.2146,Tepuka Village,-8.5167,179.2167,Funamanu Village,-8.4833,179.1833,Alapi Village,-8.5206,179.1943,Amatuku Village,-8.4993,179.2067
Uganda,Kampala,0.3476,32.5825,Gulu,2.7718,32.2983,Lira,2.2486,32.8998,Mbarara,-0.6072,30.6545,Jinja,0.4442,33.2046,Entebbe,0.0471,32.4608,Mbale,1.0808,34.1750,Mukono,0.3532,32.7554,Kasese,0.1840,30.0858,Masaka,-0.3338,31.7341
Ukraine,Kiev,50.4501,30.5234,Kharkiv,49.9935,36.2304,Odessa,46.4825,30.7233,Dnipro,48.4647,35.0462,Donetsk,48.0159,37.8029,Zaporiyia,47.8388,35.1396,Lviv,49.8397,24.0297,Kryvyi Rih,47.9105,33.3918,Mykolaiv,46.9750,31.9946,Mariupol,47.0951,37.5413
United Arab Emirates,Dubái,25.2760,55.2962,Abu Dhabi,24.4539,54.3773,Sharjah,25.3463,55.4209,Al Ain,24.1917,55.7606,Ajman,25.4052,55.5136,Ras al-Khaimah,25.8007,55.9762,Fujairah,25.1288,56.3265,Umm Al Quwain,25.5653,55.5533,Khor Fakkan,25.3313,56.3419,Kalba,25.0657,56.3542
United Kingdom of Great Britain and Northern Ireland,Londres,51.5074,-0.1278,Manchester,53.4808,-2.2426,Birmingham,52.4862,-1.8904,Glasgow,55.8642,-4.2518,Edimburgo,55.9533,-3.1883,Liverpool,53.4084,-2.9916,Bristol,51.4545,-2.5879,Leeds,53.8008,-1.5491,Sheffield,53.3811,-1.4701,Newcastle upon Tyne,54.9783,-1.6175
United States of America,Nueva York,40.7128,-74.0060,Los Ángeles,34.0522,-118.2437,Chicago,41.8781,-87.6298,Houston,29.7604,-95.3698,Fénix,33.4484,-112.0740,Filadelfia,39.9526,-75.1652,San Antonio,29.4241,-98.4936,San Diego,32.7157,-117.1611,Dallas,32.7767,-96.7970,San José,37.3382,-121.8863
Uruguay,Montevideo,-34.9011,-56.1645,Punta del Este,-34.9514,-54.9289,Salto,-31.3830,-57.9663,Las Piedras,-34.7333,-56.2208,Maldonado,-34.9095,-54.9550,Rivera,-30.9053,-55.5508,Durazno,-33.4166,-56.5000,San José de Mayo,-34.3402,-56.7137,Minas,-34.3759,-55.2377,Artigas,-30.4007,-56.4664
Uzbekistan,Tashkent,41.2995,69.2401,Samarkanda,39.6542,66.9597,Bujara,39.7747,64.4286,Andiján,40.7821,72.3442,Namangan,40.9983,71.6726,Urgench,41.5497,60.6318,Nukus,42.4531,59.6100,Termez,37.2242,67.2781,Ferganá,40.3864,71.7873,Kokand,40.5308,70.9400
Vanuatu,Port Vila,-17.7333,168.3273,Luganville,-15.5126,167.1766,Norsup,-16.0797,167.4020,Isangel,-19.5506,169.2655,Sola,-13.8833,167.5500,Saratamata,-15.6161,167.1895,Lamap,-16.4540,167.8228,Lakatoro,-16.0963,167.4167,Lenakel,-19.5296,169.2655,Palikulo,-15.5048,167.1831
Bolivarian Republic of Venezuela,Caracas,10.4806,-66.9036,Maracaibo,10.6554,-71.6019,Valencia,10.1800,-68.0036,Barquisimeto,10.0659,-69.3586,Maracay,10.2420,-67.5986,Ciudad Guayana,8.3533,-62.6530,San Cristóbal,7.7669,-72.2250,Barcelona,10.1333,-64.7173,Puerto La Cruz,10.2130,-64.6037,Barinas,8.6226,-70.2075
Viet Nam,Hanoi,21.0285,105.8542,Ho Chi Minh City,10.8231,106.6297,Da Nang,16.0544,108.2022,Hoi An,15.8801,108.3380,Nha Trang,12.2388,109.1967,Hue,16.4637,107.5909,Can Tho,10.0452,105.7469,Haiphong,20.8449,106.6881,Da Lat,11.9404,108.4583,Vung Tau,10.4114,107.1362
Yemen,Sana'a,15.3694,44.1910,Aden,12.7855,45.0187,Taiz,13.5795,44.0209,Al Hudaydah,14.7973,42.9532,Ibb,13.9732,44.1737,Mukalla,14.5487,49.1259,Saada,16.9402,43.7636,Al Mukha,13.3241,43.2473,Dhamar,14.5427,44.4052,Zinjibar,13.1287,45.3797
Zambia,Lusaka,-15.3875,28.3228,Ndola,-12.9587,28.6366,Kitwe,-12.8236,28.2036,Livingstone,-17.8419,25.8543,Chingola,-12.5283,27.8838,Chipata,-13.6362,32.6461,Kabwe,-14.4469,28.4451,Mufulira,-12.5498,28.2407,Kasama,-10.2129,31.1808,Mongu,-15.2484,23.1274
Zimbabwe,Harare,-17.8252,31.0335,Bulawayo,-20.1327,28.6265,Mutare,-18.9707,32.6709,Gweru,-19.4580,29.8172,Kwekwe,-18.9281,29.8149,Masvingo,-20.0751,30.8298,Chinhoyi,-17.3667,30.2000,Marondera,-18.1853,31.5515,Kariba,-16.5167,28.8000,Victoria Falls,-17.9318,25.8302
